{"cameraMode":{"drawMode":0,"name":"Shaded","section":"Shading Mode"},"sceneLighting":false,"audioPlay":false,"sceneViewState":{"m_AlwaysRefresh":false,"showFog":true,"showSkybox":false,"showFlares":true,"showImageEffects":true,"showParticleSystems":true,"showVisualEffectGraphs":true,"m_FxEnabled":true},"in2DMode":false,"pivot":{"x":1.9288978576660157,"y":-4.683521747589111,"z":-22.700950622558595},"rotation":{"x":0.045689333230257037,"y":0.9537936449050903,"z":-0.22616271674633027,"w":0.19282767176628114},"size":11.562127113342286,"orthographic":false}