{"cameraMode":{"drawMode":0,"name":"Shaded","section":"Shading Mode"},"sceneLighting":false,"audioPlay":false,"sceneViewState":{"m_AlwaysRefresh":false,"showFog":true,"showSkybox":false,"showFlares":true,"showImageEffects":true,"showParticleSystems":true,"showVisualEffectGraphs":true,"m_FxEnabled":true},"in2DMode":false,"pivot":{"x":1.800909399986267,"y":0.3559403717517853,"z":-12.892383575439454},"rotation":{"x":0.07316526025533676,"y":0.9261428713798523,"z":-0.2417374849319458,"w":0.28039228916168215},"size":11.562127113342286,"orthographic":false}