{"cameraMode":{"drawMode":0,"name":"Shaded","section":"Shading Mode"},"sceneLighting":false,"audioPlay":false,"sceneViewState":{"m_AlwaysRefresh":false,"showFog":true,"showSkybox":false,"showFlares":true,"showImageEffects":true,"showParticleSystems":true,"showVisualEffectGraphs":true,"m_FxEnabled":true},"in2DMode":false,"pivot":{"x":15.989997863769532,"y":-0.960000216960907,"z":-25.498554229736329},"rotation":{"x":0.05322328209877014,"y":0.9317083954811096,"z":-0.15258906781673432,"w":0.32538560032844546},"size":2.9203169345855715,"orthographic":false}