{"cameraMode":{"drawMode":0,"name":"Shaded","section":"Shading Mode"},"sceneLighting":false,"audioPlay":false,"sceneViewState":{"m_AlwaysRefresh":false,"showFog":true,"showSkybox":false,"showFlares":true,"showImageEffects":true,"showParticleSystems":true,"showVisualEffectGraphs":true,"m_FxEnabled":true},"in2DMode":false,"pivot":{"x":-0.03279339149594307,"y":-6.571192264556885,"z":-36.366004943847659},"rotation":{"x":-0.003981064073741436,"y":0.9861533641815186,"z":-0.16452446579933167,"w":-0.023694392293691636},"size":11.562127113342286,"orthographic":false}