{"cameraMode":{"drawMode":0,"name":"Shaded","section":"Shading Mode"},"sceneLighting":true,"audioPlay":false,"sceneViewState":{"m_AlwaysRefresh":false,"showFog":true,"showSkybox":true,"showFlares":true,"showImageEffects":true,"showParticleSystems":true,"showVisualEffectGraphs":true,"m_FxEnabled":true},"in2DMode":false,"pivot":{"x":-7.5837860107421879,"y":1.7898507118225098,"z":-2.03365159034729},"rotation":{"x":-0.025539875030517579,"y":-0.3529965579509735,"z":0.009669898077845574,"w":-0.9352542757987976},"size":0.8227240443229675,"orthographic":false}