{"cameraMode":{"drawMode":0,"name":"Shaded","section":"Shading Mode"},"sceneLighting":false,"audioPlay":false,"sceneViewState":{"m_AlwaysRefresh":false,"showFog":true,"showSkybox":false,"showFlares":true,"showImageEffects":true,"showParticleSystems":true,"showVisualEffectGraphs":true,"m_FxEnabled":true},"in2DMode":false,"pivot":{"x":0.14659330248832704,"y":2.373607635498047,"z":-4.6501569747924809},"rotation":{"x":-0.03850739449262619,"y":0.9211534261703491,"z":-0.37574678659439089,"w":-0.09428493678569794},"size":3.8594136238098146,"orthographic":false}